id,tdl,idgfam
28,Tclin,GPCR
74,Tclin,GPCR
75,Tclin,GPCR
79,Tclin,GPCR
115,Tchem,IC
116,Tchem,IC
133,Tbio,IC
134,Tchem,IC
135,Tclin,IC
136,Tbio,GPCR
137,Tchem,GPCR
167,Tchem,IC
168,Tclin,GPCR
171,Tclin,GPCR
189,Tchem,Kinase
196,Tclin,IC
197,Tclin,IC
212,Tclin,GPCR
213,Tchem,GPCR
214,Tclin,GPCR
220,Tbio,Kinase
222,Tchem,Kinase
232,Tclin,Kinase
237,Tchem,IC
249,Tbio,Kinase
271,Tclin,GPCR
272,Tclin,IC
273,Tchem,GPCR
274,Tchem,GPCR
278,Tchem,GPCR
292,Tclin,IC
295,Tclin,GPCR
296,Tclin,GPCR
297,Tclin,GPCR
298,Tclin,GPCR
304,Tchem,Kinase
306,Tclin,GPCR
317,Tchem,IC
343,Tclin,IC
344,Tclin,IC
345,Tbio,GPCR
350,Tchem,Kinase
353,Tclin,GPCR
358,Tbio,Kinase
370,Tclin,GPCR
371,Tchem,GPCR
372,Tclin,GPCR
380,Tchem,Kinase
381,Tbio,Kinase
382,Tchem,Kinase
395,Tclin,IC
396,Tchem,Kinase
418,Tbio,GPCR
419,Tbio,GPCR
420,Tbio,GPCR
421,Tdark,GPCR
422,Tdark,GPCR
424,Tbio,GPCR
425,Tclin,GPCR
431,Tbio,IC
432,Tchem,IC
433,Tchem,IC
434,Tbio,IC
435,Tclin,IC
436,Tclin,IC
451,Tchem,Kinase
457,Tdark,Kinase
472,Tbio,GPCR
473,Tdark,GPCR
474,Tdark,GPCR
475,Tbio,GPCR
484,Tbio,GPCR
485,Tclin,GPCR
492,Tclin,GPCR
495,Tclin,GPCR
496,Tclin,GPCR
501,Tchem,Kinase
502,Tclin,GPCR
510,Tdark,GPCR
511,Tchem,GPCR
512,Tdark,GPCR
513,Tbio,GPCR
525,Tchem,Kinase
540,Tclin,GPCR
544,Tbio,Kinase
558,Tdark,GPCR
559,Tbio,GPCR
560,Tbio,GPCR
561,Tdark,GPCR
562,Tbio,GPCR
563,Tchem,GPCR
572,Tchem,Kinase
587,Tclin,GPCR
593,Tdark,Kinase
613,Tchem,Kinase
624,Tdark,Kinase
649,Tclin,Kinase
650,Tbio,Kinase
652,Tbio,Kinase
662,Tclin,GPCR
663,Tclin,GPCR
673,Tbio,GPCR
709,Tclin,IC
734,Tdark,GPCR
735,Tbio,GPCR
736,Tdark,GPCR
737,Tbio,GPCR
751,Tbio,Kinase
753,Tbio,Kinase
763,Tbio,Kinase
811,Tdark,Kinase
848,Tchem,GPCR
855,Tbio,Kinase
862,Tclin,Kinase
876,Tbio,IC
898,Tbio,Kinase
929,Tbio,IC
944,Tbio,Kinase
1107,Tchem,IC
1147,Tbio,IC
1211,Tchem,IC
1283,Tchem,Kinase
1302,Tbio,IC
1303,Tbio,IC
1354,Tchem,Kinase
1419,Tchem,Kinase
1421,Tbio,Kinase
1422,Tchem,Kinase
1447,Tchem,Kinase
1552,Tbio,Kinase
1568,Tbio,GPCR
1580,Tbio,Kinase
1586,Tbio,IC
1620,Tbio,IC
1636,Tclin,Kinase
1642,Tchem,GPCR
1643,Tchem,Kinase
1652,Tchem,Kinase
1684,Tchem,Kinase
1687,Tchem,Kinase
1723,Tbio,IC
1730,Tclin,GPCR
1734,Tchem,Kinase
1777,Tclin,IC
1778,Tbio,IC
1779,Tbio,IC
1781,Tbio,IC
1782,Tclin,IC
1795,Tbio,IC
1816,Tclin,Kinase
1843,Tdark,IC
1844,Tbio,IC
1845,Tbio,IC
1856,Tdark,IC
1857,Tclin,GPCR
1865,Tchem,GPCR
1871,Tchem,Kinase
1872,Tchem,Kinase
1887,Tchem,Kinase
1908,Tclin,IC
1909,Tclin,IC
1910,Tchem,IC
1970,Tbio,GPCR
1977,Tclin,IC
2012,Tchem,Kinase
2022,Tchem,GPCR
2048,Tclin,GPCR
2072,Tbio,Kinase
2083,Tchem,GPCR
2097,Tchem,IC
2110,Tchem,GPCR
2152,Tdark,IC
2168,Tclin,IC
2169,Tchem,IC
2170,Tclin,IC
2171,Tclin,IC
2172,Tbio,IC
2180,Tbio,IC
2231,Tbio,IC
2237,Tchem,GPCR
2245,Tdark,IC
2289,Tdark,IC
2290,Tdark,IC
2299,Tchem,GPCR
2304,Tbio,Kinase
2317,Tbio,Kinase
2361,Tclin,GPCR
2383,Tchem,Kinase
2384,Tbio,Kinase
2386,Tbio,Kinase
2445,Tbio,GPCR
2469,Tbio,Kinase
2470,Tchem,Kinase
2471,Tchem,Kinase
2472,Tdark,Kinase
2485,Tbio,GPCR
2538,Tbio,IC
2539,Tdark,IC
2548,Tclin,GPCR
2549,Tchem,GPCR
2559,Tbio,GPCR
2562,Tchem,Kinase
2563,Tclin,Kinase
2564,Tchem,Kinase
2565,Tchem,Kinase
2617,Tdark,IC
2627,Tbio,GPCR
2628,Tbio,GPCR
2645,Tchem,Kinase
2646,Tchem,Kinase
2647,Tclin,Kinase
2648,Tdark,Kinase
2649,Tbio,Kinase
2708,Tbio,IC
2709,Tdark,IC
2718,Tchem,GPCR
2719,Tclin,GPCR
2720,Tchem,GPCR
2733,Tchem,Kinase
2735,Tdark,Kinase
2736,Tclin,Kinase
2758,Tbio,Kinase
2791,Tbio,GPCR
2807,Tbio,Kinase
2808,Tchem,Kinase
2850,Tchem,Kinase
2869,Tbio,Kinase
2888,Tchem,Kinase
2889,Tbio,Kinase
2890,Tchem,Kinase
2899,Tbio,GPCR
2900,Tbio,GPCR
2970,Tbio,IC
2971,Tbio,IC
2973,Tbio,IC
2975,Tchem,Kinase
2976,Tchem,Kinase
2979,Tbio,Kinase
3020,Tclin,IC
3033,Tbio,Kinase
3053,Tclin,IC
3054,Tbio,IC
3055,Tbio,IC
3094,Tbio,Kinase
3130,Tbio,IC
3132,Tbio,IC
3134,Tbio,IC
3154,Tchem,Kinase
3190,Tbio,IC
3194,Tclin,GPCR
3201,Tbio,IC
3202,Tbio,IC
3203,Tbio,IC
3250,Tdark,IC
3253,Tbio,IC
3261,Tbio,IC
3312,Tbio,IC
3335,Tdark,IC
3336,Tchem,GPCR
3363,Tbio,IC
3370,Tbio,IC
3372,Tbio,Kinase
3444,Tbio,IC
3445,Tbio,IC
3446,Tbio,IC
3450,Tbio,IC
3451,Tchem,Kinase
3549,Tchem,GPCR
3553,Tchem,GPCR
3558,Tbio,IC
3559,Tbio,IC
3614,Tclin,GPCR
3675,Tclin,GPCR
3788,Tclin,Kinase
3841,Tchem,IC
3843,Tbio,GPCR
3859,Tdark,Kinase
3860,Tbio,Kinase
3861,Tbio,Kinase
3941,Tchem,IC
3990,Tchem,Kinase
4003,Tchem,IC
4022,Tchem,IC
4045,Tchem,Kinase
4057,Tchem,IC
4069,Tbio,GPCR
4113,Tchem,GPCR
4139,Tbio,IC
4140,Tchem,Kinase
4162,Tchem,IC
4200,Tbio,Kinase
4220,Tchem,GPCR
4221,Tclin,GPCR
4251,Tbio,GPCR
4281,Tchem,GPCR
4282,Tchem,GPCR
4342,Tchem,Kinase
4358,Tchem,Kinase
4411,Tbio,Kinase
4412,Tbio,Kinase
4416,Tchem,Kinase
4424,Tchem,Kinase
4425,Tchem,Kinase
4430,Tchem,Kinase
4460,Tchem,Kinase
4475,Tchem,Kinase
4489,Tbio,Kinase
4504,Tchem,Kinase
4510,Tchem,Kinase
4646,Tbio,Kinase
4827,Tbio,Kinase
4866,Tbio,Kinase
4898,Tclin,GPCR
4899,Tchem,GPCR
4900,Tchem,GPCR
4916,Tbio,Kinase
4917,Tchem,Kinase
4918,Tchem,Kinase
4950,Tclin,GPCR
4974,Tclin,GPCR
4989,Tclin,GPCR
5008,Tchem,Kinase
5009,Tchem,Kinase
5010,Tdark,Kinase
5057,Tchem,Kinase
5095,Tbio,Kinase
5132,Tchem,Kinase
5148,Tclin,GPCR
5211,Tchem,Kinase
5212,Tchem,Kinase
5213,Tchem,Kinase
5214,Tchem,Kinase
5224,Tbio,Kinase
5312,Tchem,Kinase
5330,Tclin,Kinase
5353,Tchem,Kinase
5354,Tchem,Kinase
5355,Tchem,Kinase
5360,Tchem,Kinase
5403,Tchem,Kinase
5404,Tbio,Kinase
5405,Tchem,Kinase
5406,Tchem,Kinase
5473,Tclin,Kinase
5484,Tbio,GPCR
5612,Tchem,Kinase
5613,Tchem,Kinase
5614,Tclin,Kinase
5615,Tclin,Kinase
5697,Tbio,Kinase
5744,Tchem,Kinase
5763,Tchem,Kinase
5816,Tdark,IC
5852,Tchem,Kinase
5853,Tchem,Kinase
5863,Tchem,Kinase
5884,Tbio,Kinase
5885,Tchem,Kinase
5893,Tdark,IC
5934,Tbio,GPCR
5935,Tchem,GPCR
5974,Tdark,IC
5988,Tbio,Kinase
6005,Tclin,Kinase
6047,Tclin,Kinase
6070,Tchem,Kinase
6105,Tclin,Kinase
6163,Tclin,Kinase
6176,Tchem,GPCR
6177,Tchem,GPCR
6181,Tchem,Kinase
6187,Tclin,GPCR
6200,Tchem,GPCR
6201,Tchem,GPCR
6240,Tclin,Kinase
6286,Tbio,Kinase
6287,Tbio,GPCR
6323,Tbio,IC
6324,Tbio,GPCR
6352,Tbio,IC
6353,Tbio,GPCR
6357,Tclin,GPCR
6361,Tchem,Kinase
6393,Tbio,IC
6394,Tbio,IC
6395,Tdark,IC
6404,Tchem,GPCR
6439,Tdark,GPCR
6457,Tclin,IC
6458,Tclin,IC
6467,Tbio,GPCR
6482,Tdark,IC
6483,Tbio,GPCR
6484,Tbio,GPCR
6485,Tbio,GPCR
6518,Tclin,GPCR
6534,Tclin,IC
6535,Tclin,IC
6536,Tclin,IC
6538,Tclin,IC
6539,Tclin,IC
6541,Tbio,IC
6542,Tclin,IC
6571,Tclin,Kinase
6572,Tbio,GPCR
6573,Tbio,GPCR
6574,Tbio,GPCR
6575,Tbio,GPCR
6577,Tdark,GPCR
6588,Tchem,GPCR
6597,Tdark,IC
6626,Tchem,GPCR
6634,Tclin,IC
6635,Tclin,IC
6636,Tclin,IC
6637,Tclin,IC
6638,Tclin,IC
6651,Tclin,GPCR
6664,Tclin,IC
6665,Tclin,IC
6666,Tclin,IC
6688,Tclin,GPCR
6700,Tclin,GPCR
6708,Tchem,IC
6736,Tclin,IC
6762,Tclin,GPCR
6764,Tchem,IC
6766,Tclin,GPCR
6792,Tdark,Kinase
6804,Tbio,GPCR
6805,Tdark,GPCR
6806,Tdark,GPCR
6807,Tbio,GPCR
6844,Tdark,GPCR
6845,Tbio,GPCR
6846,Tchem,GPCR
6847,Tdark,GPCR
6848,Tdark,GPCR
6849,Tbio,GPCR
6850,Tbio,GPCR
6851,Tbio,GPCR
6855,Tdark,GPCR
6856,Tbio,GPCR
6858,Tdark,IC
6860,Tchem,GPCR
6869,Tchem,IC
6882,Tdark,GPCR
6884,Tdark,GPCR
6892,Tdark,GPCR
6893,Tdark,GPCR
6894,Tbio,GPCR
6895,Tbio,GPCR
6896,Tdark,GPCR
6897,Tbio,GPCR
6898,Tchem,GPCR
6904,Tclin,GPCR
6916,Tclin,GPCR
6917,Tbio,GPCR
6929,Tdark,GPCR
6933,Tbio,GPCR
6934,Tdark,GPCR
6935,Tdark,GPCR
6936,Tbio,GPCR
6937,Tbio,GPCR
6950,Tclin,IC
6952,Tdark,IC
6953,Tclin,IC
6973,Tbio,GPCR
6974,Tdark,GPCR
6976,Tchem,GPCR
6978,Tdark,GPCR
6982,Tchem,GPCR
6983,Tbio,GPCR
6984,Tdark,GPCR
7009,Tbio,GPCR
7011,Tdark,IC
7013,Tbio,GPCR
7014,Tbio,GPCR
7015,Tbio,GPCR
7022,Tclin,IC
7046,Tbio,GPCR
7047,Tbio,GPCR
7048,Tdark,GPCR
7049,Tdark,GPCR
7050,Tbio,GPCR
7051,Tdark,GPCR
7052,Tdark,GPCR
7053,Tdark,GPCR
7054,Tbio,GPCR
7055,Tchem,GPCR
7059,Tbio,GPCR
7060,Tchem,GPCR
7061,Tdark,GPCR
7062,Tchem,GPCR
7067,Tclin,IC
7070,Tchem,GPCR
7071,Tchem,GPCR
7072,Tbio,GPCR
7073,Tchem,GPCR
7078,Tchem,GPCR
7081,Tclin,Kinase
7108,Tchem,GPCR
7109,Tbio,GPCR
7110,Tbio,GPCR
7111,Tdark,GPCR
7118,Tchem,GPCR
7119,Tdark,GPCR
7120,Tdark,GPCR
7121,Tbio,GPCR
7122,Tbio,GPCR
7127,Tclin,IC
7128,Tbio,IC
7130,Tbio,Kinase
7131,Tchem,GPCR
7132,Tbio,GPCR
7164,Tbio,GPCR
7165,Tdark,GPCR
7166,Tdark,GPCR
7167,Tbio,GPCR
7168,Tbio,GPCR
7169,Tchem,GPCR
7170,Tbio,GPCR
7171,Tbio,GPCR
7172,Tdark,GPCR
7173,Tbio,GPCR
7174,Tbio,GPCR
7183,Tclin,IC
7184,Tclin,IC
7185,Tbio,Kinase
7186,Tchem,GPCR
7187,Tchem,GPCR
7191,Tclin,Kinase
7197,Tbio,Kinase
7198,Tbio,Kinase
7212,Tbio,GPCR
7213,Tbio,GPCR
7222,Tclin,IC
7223,Tbio,IC
7224,Tclin,IC
7225,Tclin,IC
7236,Tbio,Kinase
7249,Tclin,IC
7262,Tchem,Kinase
7263,Tchem,Kinase
7304,Tclin,Kinase
7328,Tbio,GPCR
7331,Tclin,IC
7365,Tbio,Kinase
7367,Tbio,GPCR
7396,Tclin,GPCR
7410,Tchem,Kinase
7421,Tclin,Kinase
7422,Tclin,IC
7442,Tbio,Kinase
7450,Tclin,IC
7545,Tclin,GPCR
7546,Tclin,GPCR
7563,Tbio,Kinase
7564,Tchem,Kinase
7613,Tchem,GPCR
7639,Tclin,GPCR
7669,Tchem,Kinase
7750,Tbio,Kinase
7798,Tbio,IC
7853,Tclin,Kinase
7862,Tchem,Kinase
7899,Tchem,Kinase
7919,Tbio,Kinase
8014,Tchem,Kinase
8044,Tbio,Kinase
8050,Tchem,Kinase
8078,Tchem,Kinase
8129,Tbio,Kinase
8180,Tchem,Kinase
8195,Tclin,Kinase
8219,Tbio,Kinase
8234,Tbio,Kinase
8238,Tbio,Kinase
8274,Tclin,Kinase
8299,Tclin,Kinase
8315,Tbio,Kinase
8333,Tchem,Kinase
8405,Tclin,Kinase
8406,Tclin,Kinase
8424,Tchem,Kinase
8430,Tchem,Kinase
8431,Tbio,Kinase
8432,Tchem,Kinase
8436,Tbio,IC
8437,Tbio,IC
8438,Tbio,IC
8439,Tclin,IC
8440,Tclin,IC
8441,Tclin,IC
8442,Tclin,IC
8443,Tbio,IC
8444,Tbio,IC
8445,Tclin,IC
8446,Tclin,IC
8447,Tchem,IC
8448,Tbio,IC
8449,Tdark,IC
8450,Tbio,IC
8451,Tclin,IC
8452,Tclin,IC
8453,Tclin,IC
8454,Tbio,IC
8455,Tclin,IC
8458,Tchem,Kinase
8466,Tchem,IC
8496,Tchem,Kinase
8501,Tbio,IC
8502,Tclin,IC
8503,Tbio,IC
8504,Tbio,IC
8505,Tclin,IC
8506,Tbio,IC
8507,Tbio,IC
8508,Tclin,IC
8509,Tdark,IC
8510,Tclin,IC
8511,Tbio,Kinase
8527,Tbio,IC
8556,Tbio,Kinase
8564,Tbio,Kinase
8565,Tbio,IC
8566,Tchem,Kinase
8567,Tclin,IC
8568,Tbio,IC
8569,Tclin,IC
8570,Tbio,IC
8571,Tclin,IC
8572,Tclin,IC
8573,Tclin,IC
8574,Tbio,IC
8575,Tclin,IC
8576,Tbio,IC
8594,Tbio,Kinase
8595,Tchem,IC
8615,Tchem,Kinase
8616,Tchem,Kinase
8617,Tchem,Kinase
8618,Tbio,IC
8620,Tclin,IC
8621,Tclin,IC
8622,Tclin,IC
8623,Tclin,IC
8624,Tclin,IC
8625,Tclin,IC
8626,Tclin,IC
8627,Tclin,IC
8628,Tclin,IC
8629,Tclin,IC
8630,Tclin,IC
8631,Tbio,IC
8632,Tclin,IC
8633,Tchem,IC
8634,Tchem,IC
8635,Tchem,IC
8636,Tclin,IC
8637,Tbio,IC
8642,Tchem,Kinase
8647,Tclin,Kinase
8669,Tbio,Kinase
8673,Tbio,Kinase
8680,Tdark,Kinase
8681,Tchem,Kinase
8682,Tbio,IC
8684,Tbio,IC
8685,Tbio,IC
8686,Tbio,IC
8687,Tbio,IC
8688,Tclin,IC
8689,Tclin,IC
8690,Tclin,IC
8691,Tclin,IC
8692,Tclin,IC
8693,Tchem,IC
8694,Tbio,IC
8695,Tclin,IC
8696,Tchem,IC
8697,Tclin,IC
8699,Tclin,IC
8721,Tchem,GPCR
8733,Tchem,Kinase
8734,Tchem,Kinase
8735,Tdark,Kinase
8760,Tbio,Kinase
8764,Tdark,IC
8765,Tchem,Kinase
8766,Tbio,Kinase
8768,Tclin,IC
8780,Tbio,Kinase
8785,Tchem,Kinase
8801,Tchem,Kinase
8802,Tclin,Kinase
8803,Tchem,Kinase
8825,Tchem,Kinase
8828,Tchem,Kinase
8829,Tbio,Kinase
8830,Tchem,Kinase
8832,Tclin,IC
8834,Tbio,IC
8835,Tchem,IC
8836,Tbio,IC
8837,Tbio,IC
8838,Tbio,IC
8839,Tbio,IC
8840,Tchem,IC
8849,Tbio,Kinase
8887,Tchem,Kinase
8888,Tchem,Kinase
8889,Tchem,Kinase
8890,Tbio,Kinase
8903,Tclin,IC
8904,Tbio,IC
8905,Tdark,IC
8906,Tdark,IC
8907,Tclin,IC
8908,Tclin,IC
8909,Tclin,IC
8911,Tchem,Kinase
8927,Tchem,Kinase
8937,Tbio,Kinase
8938,Tchem,Kinase
8939,Tbio,Kinase
8940,Tdark,Kinase
8959,Tchem,Kinase
8960,Tchem,Kinase
8961,Tbio,Kinase
8996,Tchem,Kinase
9014,Tchem,Kinase
9031,Tbio,Kinase
9032,Tchem,Kinase
9075,Tbio,Kinase
9150,Tchem,Kinase
9151,Tbio,Kinase
9152,Tdark,Kinase
9153,Tchem,Kinase
9163,Tchem,Kinase
9178,Tchem,Kinase
9194,Tchem,Kinase
9195,Tbio,Kinase
9212,Tchem,Kinase
9243,Tclin,Kinase
9253,Tbio,GPCR
9300,Tchem,Kinase
9301,Tchem,Kinase
9302,Tclin,Kinase
9303,Tchem,Kinase
9309,Tbio,Kinase
9345,Tbio,Kinase
9369,Tbio,GPCR
9387,Tchem,GPCR
9405,Tbio,GPCR
9428,Tchem,GPCR
9464,Tchem,GPCR
9480,Tchem,Kinase
9493,Tchem,GPCR
9519,Tchem,Kinase
9535,Tchem,GPCR
9560,Tchem,Kinase
9580,Tchem,Kinase
9600,Tbio,Kinase
9601,Tbio,Kinase
9608,Tdark,IC
9642,Tbio,Kinase
9643,Tchem,Kinase
9656,Tchem,Kinase
9683,Tdark,IC
9697,Tchem,GPCR
9707,Tclin,Kinase
9731,Tchem,Kinase
9732,Tchem,Kinase
9733,Tdark,GPCR
9734,Tbio,Kinase
9737,Tchem,GPCR
9757,Tclin,GPCR
9776,Tchem,Kinase
9794,Tchem,GPCR
9795,Tbio,IC
9802,Tbio,IC
9805,Tdark,IC
9816,Tbio,Kinase
9845,Tbio,Kinase
9846,Tchem,Kinase
9847,Tchem,Kinase
9850,Tchem,Kinase
9869,Tchem,Kinase
9881,Tchem,GPCR
9886,Tbio,IC
9899,Tchem,GPCR
9900,Tchem,Kinase
9919,Tchem,Kinase
9921,Tchem,Kinase
9922,Tchem,Kinase
9923,Tchem,Kinase
9936,Tchem,Kinase
9939,Tbio,GPCR
9972,Tchem,Kinase
9973,Tchem,Kinase
9974,Tbio,Kinase
9975,Tbio,Kinase
9978,Tchem,Kinase
9995,Tbio,Kinase
9998,Tbio,Kinase
10007,Tchem,GPCR
10009,Tchem,GPCR
10014,Tbio,IC
10029,Tchem,Kinase
10030,Tchem,Kinase
10032,Tbio,Kinase
10033,Tchem,Kinase
10034,Tchem,Kinase
10054,Tbio,Kinase
10091,Tchem,Kinase
10092,Tchem,Kinase
10093,Tbio,Kinase
10101,Tbio,IC
10116,Tchem,Kinase
10123,Tclin,Kinase
10144,Tchem,Kinase
10181,Tchem,GPCR
10200,Tchem,Kinase
10226,Tbio,Kinase
10227,Tchem,Kinase
10265,Tbio,Kinase
10266,Tchem,Kinase
10331,Tbio,Kinase
10332,Tchem,Kinase
10335,Tbio,Kinase
10337,Tchem,Kinase
10358,Tchem,Kinase
10359,Tchem,Kinase
10392,Tchem,Kinase
10395,Tchem,Kinase
10396,Tchem,Kinase
10408,Tclin,Kinase
10410,Tchem,Kinase
10425,Tchem,Kinase
10426,Tchem,Kinase
10427,Tchem,Kinase
10460,Tdark,GPCR
10472,Tchem,Kinase
10475,Tbio,IC
10488,Tbio,Kinase
10494,Tchem,Kinase
10495,Tbio,Kinase
10502,Tbio,Kinase
10503,Tdark,GPCR
10515,Tchem,Kinase
10531,Tdark,GPCR
10532,Tchem,GPCR
10533,Tbio,GPCR
10562,Tbio,GPCR
10590,Tclin,Kinase
10620,Tclin,Kinase
10630,Tbio,Kinase
10637,Tchem,Kinase
10638,Tchem,Kinase
10643,Tchem,Kinase
10669,Tclin,GPCR
10670,Tclin,GPCR
10676,Tbio,Kinase
10682,Tclin,GPCR
10709,Tbio,GPCR
10710,Tdark,GPCR
10715,Tbio,GPCR
10723,Tchem,Kinase
10725,Tbio,Kinase
10770,Tchem,GPCR
10787,Tchem,Kinase
10792,Tdark,Kinase
10809,Tchem,Kinase
10903,Tbio,Kinase
10904,Tchem,Kinase
10963,Tbio,IC
10991,Tbio,Kinase
10992,Tbio,Kinase
10993,Tbio,Kinase
10994,Tdark,Kinase
10995,Tbio,Kinase
10996,Tbio,Kinase
11129,Tclin,IC
11182,Tchem,Kinase
11185,Tclin,IC
11223,Tdark,Kinase
11239,Tbio,Kinase
11257,Tchem,IC
11262,Tchem,GPCR
11263,Tdark,GPCR
11270,Tchem,GPCR
11271,Tbio,GPCR
11289,Tchem,Kinase
11290,Tbio,Kinase
11291,Tbio,Kinase
11314,Tchem,GPCR
11350,Tdark,Kinase
11362,Tbio,Kinase
11364,Tbio,Kinase
11378,Tclin,GPCR
11382,Tclin,IC
11383,Tclin,IC
11384,Tchem,GPCR
11385,Tchem,GPCR
11396,Tchem,GPCR
11432,Tbio,IC
11441,Tchem,GPCR
11465,Tbio,Kinase
11469,Tchem,GPCR
11479,Tchem,GPCR
11480,Tclin,IC
11481,Tclin,IC
11482,Tclin,IC
11495,Tchem,GPCR
11502,Tchem,GPCR
11505,Tchem,GPCR
11534,Tchem,GPCR
11558,Tchem,GPCR
11562,Tdark,Kinase
11606,Tchem,Kinase
11619,Tbio,Kinase
11635,Tchem,Kinase
11696,Tchem,Kinase
11699,Tchem,Kinase
11731,Tbio,GPCR
11781,Tchem,GPCR
11899,Tchem,Kinase
11915,Tbio,Kinase
11920,Tbio,GPCR
11921,Tclin,GPCR
11922,Tbio,GPCR
11978,Tclin,GPCR
12014,Tchem,GPCR
12015,Tbio,GPCR
12071,Tclin,GPCR
12075,Tbio,Kinase
12080,Tchem,Kinase
12125,Tbio,GPCR
12126,Tbio,GPCR
12127,Tclin,GPCR
12128,Tdark,GPCR
12178,Tbio,GPCR
12181,Tbio,IC
12182,Tdark,GPCR
12269,Tchem,GPCR
12272,Tchem,IC
12273,Tbio,IC
12274,Tchem,Kinase
12278,Tbio,Kinase
12293,Tbio,Kinase
12296,Tclin,GPCR
12297,Tbio,GPCR
12298,Tbio,GPCR
12367,Tchem,IC
12368,Tbio,IC
12369,Tclin,GPCR
12370,Tchem,GPCR
12371,Tchem,GPCR
12372,Tbio,Kinase
12382,Tchem,GPCR
12388,Tchem,Kinase
12389,Tchem,Kinase
12392,Tchem,Kinase
12399,Tchem,GPCR
12433,Tclin,GPCR
12436,Tchem,IC
12437,Tchem,GPCR
12438,Tbio,GPCR
12439,Tbio,GPCR
12440,Tchem,Kinase
12455,Tdark,Kinase
12456,Tbio,IC
12489,Tchem,IC
12490,Tchem,GPCR
12507,Tchem,Kinase
12508,Tchem,Kinase
12542,Tchem,Kinase
12586,Tchem,Kinase
12587,Tbio,GPCR
12588,Tclin,GPCR
12595,Tchem,Kinase
12622,Tbio,IC
12627,Tchem,GPCR
12651,Tbio,Kinase
12653,Tdark,Kinase
12669,Tdark,Kinase
12675,Tbio,Kinase
12676,Tbio,IC
12684,Tclin,GPCR
12721,Tclin,GPCR
12740,Tbio,GPCR
12746,Tbio,Kinase
12750,Tbio,Kinase
12761,Tchem,Kinase
12764,Tbio,Kinase
12766,Tclin,GPCR
12774,Tbio,Kinase
12826,Tclin,GPCR
12827,Tbio,Kinase
12835,Tclin,Kinase
12851,Tchem,GPCR
12852,Tclin,GPCR
12860,Tdark,Kinase
12861,Tbio,Kinase
12862,Tbio,Kinase
12870,Tclin,GPCR
12901,Tchem,Kinase
12920,Tbio,Kinase
12931,Tclin,GPCR
12932,Tbio,Kinase
12934,Tbio,IC
12938,Tchem,Kinase
12939,Tchem,Kinase
12946,Tchem,GPCR
12957,Tclin,GPCR
13000,Tchem,Kinase
13002,Tbio,IC
13015,Tclin,Kinase
13026,Tbio,Kinase
13027,Tchem,Kinase
13028,Tbio,Kinase
13071,Tbio,Kinase
13080,Tdark,IC
13081,Tchem,IC
13082,Tchem,Kinase
13083,Tclin,Kinase
13095,Tbio,Kinase
13115,Tchem,Kinase
13123,Tchem,Kinase
13131,Tchem,Kinase
13132,Tchem,IC
13135,Tchem,Kinase
13159,Tchem,Kinase
13163,Tchem,Kinase
13164,Tbio,Kinase
13166,Tbio,IC
13174,Tdark,IC
13175,Tdark,IC
13193,Tchem,Kinase
13194,Tbio,IC
13212,Tchem,Kinase
13214,Tbio,Kinase
13222,Tchem,Kinase
13223,Tbio,Kinase
13226,Tbio,IC
13227,Tbio,Kinase
13232,Tbio,GPCR
13241,Tchem,Kinase
13242,Tchem,Kinase
13250,Tchem,Kinase
13275,Tbio,Kinase
13283,Tchem,Kinase
13462,Tchem,Kinase
13463,Tchem,Kinase
13469,Tchem,Kinase
13470,Tbio,Kinase
13569,Tbio,Kinase
13692,Tchem,GPCR
13699,Tdark,Kinase
13700,Tbio,GPCR
13808,Tclin,GPCR
13851,Tbio,GPCR
13853,Tchem,GPCR
13856,Tchem,Kinase
13895,Tbio,Kinase
13920,Tbio,Kinase
13944,Tchem,GPCR
13990,Tclin,Kinase
14063,Tbio,GPCR
14360,Tbio,GPCR
14367,Tchem,Kinase
14368,Tchem,Kinase
14414,Tbio,Kinase
14419,Tclin,Kinase
14452,Tchem,Kinase
14518,Tbio,Kinase
14535,Tchem,Kinase
14539,Tchem,Kinase
14556,Tchem,Kinase
14576,Tbio,GPCR
14583,Tbio,GPCR
14729,Tchem,Kinase
14754,Tchem,Kinase
14817,Tchem,Kinase
14836,Tclin,Kinase
14838,Tbio,Kinase
14839,Tbio,Kinase
14852,Tdark,Kinase
14865,Tclin,Kinase
14978,Tchem,GPCR
15003,Tclin,IC
15015,Tclin,GPCR
15026,Tbio,IC
15065,Tclin,GPCR
15162,Tclin,IC
15163,Tclin,IC
15175,Tbio,GPCR
15176,Tbio,Kinase
15206,Tdark,Kinase
15220,Tclin,IC
15224,Tbio,Kinase
15239,Tclin,IC
15247,Tclin,GPCR
15252,Tbio,IC
15281,Tdark,Kinase
15289,Tclin,IC
15290,Tclin,IC
15307,Tclin,IC
15318,Tclin,GPCR
15374,Tbio,IC
15375,Tbio,IC
15376,Tclin,IC
15377,Tclin,IC
15378,Tclin,IC
15379,Tclin,IC
15380,Tclin,IC
15381,Tbio,IC
15395,Tbio,GPCR
15442,Tdark,Kinase
15558,Tbio,IC
15559,Tclin,IC
15560,Tclin,IC
15579,Tdark,Kinase
15596,Tchem,Kinase
15615,Tbio,IC
15619,Tclin,IC
15655,Tdark,Kinase
15697,Tclin,GPCR
15722,Tbio,Kinase
15797,Tbio,Kinase
15806,Tchem,Kinase
15863,Tchem,Kinase
15877,Tchem,Kinase
15950,Tclin,GPCR
15960,Tbio,Kinase
16006,Tchem,Kinase
16064,Tbio,Kinase
16074,Tbio,Kinase
16232,Tchem,Kinase
16242,Tchem,Kinase
16289,Tchem,Kinase
16366,Tbio,Kinase
16383,Tbio,Kinase
16390,Tchem,Kinase
16430,Tclin,Kinase
16440,Tclin,GPCR
16446,Tbio,Kinase
16454,Tchem,Kinase
16455,Tchem,Kinase
16456,Tbio,Kinase
16457,Tbio,Kinase
16458,Tdark,Kinase
16459,Tchem,Kinase
16467,Tbio,Kinase
16485,Tchem,Kinase
16503,Tclin,GPCR
16504,Tclin,GPCR
16508,Tchem,Kinase
16524,Tbio,Kinase
16525,Tbio,Kinase
16543,Tchem,Kinase
16566,Tchem,Kinase
16570,Tdark,Kinase
16571,Tchem,Kinase
16575,Tchem,Kinase
16576,Tdark,Kinase
16632,Tbio,Kinase
16633,Tchem,Kinase
16661,Tchem,Kinase
16665,Tclin,GPCR
16666,Tclin,GPCR
16682,Tbio,Kinase
16707,Tbio,Kinase
16735,Tchem,Kinase
16736,Tdark,Kinase
16737,Tchem,Kinase
16745,Tbio,GPCR
16820,Tbio,GPCR
16832,Tbio,GPCR
16833,Tbio,GPCR
16835,Tclin,GPCR
16836,Tdark,GPCR
16837,Tbio,GPCR
16876,Tbio,GPCR
16877,Tbio,GPCR
16878,Tbio,GPCR
16879,Tbio,GPCR
16880,Tdark,GPCR
16881,Tbio,GPCR
16888,Tbio,Kinase
16916,Tdark,GPCR
16918,Tbio,GPCR
16919,Tdark,GPCR
16923,Tbio,Kinase
16927,Tbio,Kinase
16928,Tbio,Kinase
16967,Tbio,GPCR
16968,Tbio,GPCR
16969,Tbio,GPCR
16970,Tbio,GPCR
16972,Tbio,GPCR
16973,Tbio,GPCR
16974,Tbio,GPCR
17033,Tbio,GPCR
17034,Tbio,GPCR
17035,Tclin,GPCR
17036,Tbio,GPCR
17037,Tdark,GPCR
17098,Tbio,GPCR
17102,Tbio,GPCR
17136,Tdark,Kinase
17163,Tbio,GPCR
17164,Tdark,GPCR
17165,Tbio,GPCR
17170,Tbio,Kinase
17218,Tbio,Kinase
17272,Tchem,Kinase
17285,Tchem,Kinase
17295,Tchem,Kinase
17296,Tclin,Kinase
17310,Tdark,Kinase
17374,Tchem,Kinase
17392,Tbio,Kinase
17444,Tbio,IC
17477,Tchem,Kinase
17492,Tbio,Kinase
17543,Tchem,Kinase
17564,Tdark,IC
17565,Tbio,IC
17578,Tchem,Kinase
17600,Tbio,Kinase
17735,Tbio,IC
17736,Tdark,IC
17767,Tbio,IC
17808,Tchem,Kinase
17832,Tbio,IC
17833,Tbio,IC
17859,Tbio,IC
17893,Tdark,IC
17894,Tdark,IC
17910,Tchem,Kinase
17960,Tbio,IC
17980,Tdark,IC
17997,Tchem,Kinase
18028,Tbio,Kinase
18035,Tbio,IC
18036,Tbio,IC
18039,Tchem,IC
18040,Tchem,IC
18041,Tchem,IC
18061,Tdark,GPCR
18080,Tbio,IC
18081,Tchem,IC
18086,Tbio,Kinase
18118,Tbio,IC
18119,Tchem,IC
18120,Tclin,IC
18121,Tbio,IC
18131,Tbio,Kinase
18132,Tbio,Kinase
18139,Tchem,Kinase
18143,Tdark,IC
18163,Tbio,Kinase
18164,Tbio,IC
18167,Tbio,GPCR
18168,Tbio,GPCR
18188,Tbio,IC
18196,Tchem,Kinase
18197,Tclin,GPCR
18201,Tbio,Kinase
18202,Tbio,Kinase
18204,Tbio,Kinase
18211,Tclin,IC
18212,Tchem,IC
18213,Tbio,IC
18214,Tbio,IC
18217,Tbio,GPCR
18222,Tchem,Kinase
18226,Tbio,Kinase
18253,Tchem,IC
18254,Tchem,IC
18255,Tclin,IC
18265,Tbio,Kinase
18269,Tbio,Kinase
18283,Tclin,Kinase
18286,Tchem,Kinase
18303,Tclin,GPCR
18383,Tbio,IC
18435,Tbio,Kinase
18501,Tchem,Kinase
18553,Tbio,Kinase
18558,Tchem,Kinase
18560,Tbio,Kinase
18592,Tbio,Kinase
18647,Tchem,GPCR
18654,Tclin,GPCR
18678,Tbio,Kinase
18713,Tchem,Kinase
18734,Tchem,Kinase
18745,Tclin,GPCR
18755,Tclin,Kinase
18756,Tclin,Kinase
18763,Tbio,GPCR
18764,Tchem,GPCR
18773,Tclin,GPCR
18787,Tdark,GPCR
18810,Tclin,Kinase
18850,Tdark,GPCR
18851,Tdark,GPCR
18859,Tdark,Kinase
18885,Tchem,Kinase
18893,Tbio,Kinase
18967,Tbio,GPCR
18968,Tdark,GPCR
18995,Tbio,Kinase
19041,Tbio,GPCR
19052,Tdark,GPCR
19082,Tbio,Kinase
19119,Tbio,Kinase
19120,Tbio,Kinase
19140,Tbio,Kinase
19160,Tbio,Kinase
19221,Tclin,Kinase
19373,Tchem,IC
19719,Tchem,Kinase
